C-A10KJE-0;C-MMW-0;C-PCM2-0;F-PROD4;F-PROD1;F-PROD2;F-PROD3
A10KJE-202501;MMW-3;KJPC2-06;:;:;:;:
A10KJE-202501;MMW-3;KJPC2-07;:;:;:;:
A10KJE-202501;MMW-3;KJPC2-08;58599,1;56266,3;56266,3;56323,8
A10KJE-202501;MMW-3;KJPC2-09;3963,8;3963,8;3963,8;3963,8
A10KJE-202501;MMW-3;KJPC2-10;1715149,7;1760135,8;1760135,8;1752282,5
A10KJE-202501;MMW-3;KJPC2-11;844812,7;255371,4;255371,4;852184,3
A10KJE-202501;MMW-3;KJPC2-13;113541,6;81764,5;81823,1;94782,2
A10KJE-202501;MMW-3;KJPC2-14;50554,4;16809,4;16809,4;51064,6
A10KJE-202501;MMW-3;KJPC2-15;46197,1;15945,3;15945,3;41197,1
A10KJE-202501;MMW-3;KJPC2-16;635267,9;638293,1;638293,1;643669,1
A10KJE-202501;MMW-3;KJPC2-17;583861,2;585048,4;617345,4;584544,7
A10KJE-202501;MMW-3;KJPC2-18;108034,5;95319,6;95319,6;94472,2
A10KJE-202501;MMW-3;KJPC2-19;388004,2;601366,5;601366,5;601366,5
A10KJE-202501;MMW-3;KJPC2-20;731974,7;657809,2;694806,5;732499,3
A10KJE-202501;MMW-3;KJPC2-21;375468,0;452602,3;456374,6;370098,0
A10KJE-202501;MMW-3;KJPC2-22;544933,4;564280,1;564280,1;562304,9
A10KJE-202501;MMW-3;KJPC2-23;300118,3;321420,3;321420,3;320660,3
A10KJE-202501;MMW-3;KJPC2-24;1804688,0;1768778,7;2326019,4;1763779,0
A10KJE-202501;MMW-3;KJPC2-25;1177045,4;1087250,3;1087250,3;1056861,6
A10KJE-202501;MMW-3;KJPC2-26;767200,7;681921,6;681921,6;768370,1
A10KJE-202501;MMW-3;KJPC2-27;845238,6;809905,3;809905,3;830289,9
A10KJE-202501;MMW-3;KJPC2-28;1635436,7;1644331,3;1644331,3;1652604,4
A10KJE-202501;MMW-3;KJPC2-29;1271143,8;1238764,5;1238764,5;1236496,6
A10KJE-202501;MMW-3;KJPC2-30;275615,1;244711,0;244711,0;251934,9
A10KJE-202501;MMW-3;KJPC2-31;165637,6;165472,3;165472,3;166237,5
A10KJE-202501;MMW-3;KJPC2-32;251940,7;240661,2;240661,2;251677,0
A10KJE-202501;MMW-3;KJPC2-33;605946,3;0,0;0,0;0,0
A10KJE-202501;MMW-3;KJPC2-35;6282228,0;6313782,5;6313782,5;6313782,5
A10KJE-202501;MMW-3;KJPC2-36;51623,2;53567,1;53567,1;53567,1
A10KJE-202501;MMW-3;KJPC2-37;145431,8;145431,9;145431,9;145431,9
A10KJE-202501;MMW-3;KJPC2-38;407829,0;403296,2;403296,2;402501,7
A10KJE-202501;MMW-3;KJPC2-39;3160,2;3160,2;3160,2;3160,2
A10KJE-202501;MMW-3;KJPC2-41;752511,8;694110,1;694110,1;752410,9
A10KJE-202501;MMW-3;KJPC2-42;402489,3;395715,5;395715,5;402464,3
A10KJE-202501;MMW-3;KJPC2-43;1371154,6;179595,6;179595,6;182042,7
A10KJE-202501;MMW-3;KJPC2-44;431999,5;287686,8;287686,8;288345,3
A10KJE-202501;MMW-3;KJPC2-46;1174211,8;0,0;0,0;0,0
A10KJE-202501;MMW-3;KJPC2-47;205644,5;0,0;0,0;0,0
A10KJE-202501;MMW-3;KJPC2-49;16064,7;0,0;0,0;0,0
A10KJE-202501;MMW-3;KJPC2-51;:;0,0;0,0;0,0
A10KJE-202501;MMW-3;KJPC2-52;17326,9;0,0;0,0;0,0
A10KJE-202501;MMW-3;KJPC2-53;23,2;0,0;0,0;0,0
A10KJE-202501;MMW-3;KJPC2-55;817,9;0,0;0,0;0,0
A10KJE-202501;MMW-3;KJPC2-56;14347,4;0,0;0,0;0,0
A10KJE-202501;MMW-3;KJPC2-58;2021,7;0,0;0,0;0,0
A10KJE-202501;MMW-3;KJPC2-59;:;0,0;0,0;0,0
A10KJE-202501;MMW-3;KJPC2-61;10010,3;0,0;0,0;0,0
A10KJE-202501;MMW-3;KJPC2-62;16891,9;0,0;0,0;0,0
A10KJE-202501;MMW-3;KJPC2-63;8546,5;0,0;0,0;0,0
A10KJE-202501;MMW-3;KJPC2-64;:;0,0;0,0;0,0
A10KJE-202501;MMW-3;KJPC2-68;28234,5;0,0;0,0;0,0
A10KJE-202501;MMW-3;KJPC2-69;:;0,0;0,0;0,0
A10KJE-202501;MMW-3;KJPC2-70;34366,0;0,0;0,0;0,0
A10KJE-202501;MMW-3;KJPC2-71;55405,7;0,0;0,0;0,0
A10KJE-202501;MMW-3;KJPC2-72;32244,9;0,0;0,0;0,0
A10KJE-202501;MMW-3;KJPC2-73;323,7;0,0;0,0;0,0
A10KJE-202501;MMW-3;KJPC2-74;12644,0;0,0;0,0;0,0
A10KJE-202501;MMW-3;KJPC2-77;27504,5;0,0;0,0;0,0
A10KJE-202501;MMW-3;KJPC2-78;25386,2;0,0;0,0;0,0
A10KJE-202501;MMW-3;KJPC2-79;:;0,0;0,0;0,0
A10KJE-202501;MMW-3;KJPC2-81;7289,2;0,0;0,0;0,0
A10KJE-202501;MMW-3;KJPC2-82;26815,1;0,0;0,0;0,0
A10KJE-202501;MMW-3;KJPC2-85;380,0;0,0;0,0;0,0
A10KJE-202501;MMW-3;KJPC2-86;479,5;0,0;0,0;0,0
A10KJE-202501;MMW-3;KJPC2-93;1004,9;0,0;0,0;0,0
A10KJE-202501;MMW-3;KJPC2-95;9775,1;0,0;0,0;0,0
A10KJE-202501;MMW-3;KJPC2-96;1879,8;0,0;0,0;0,0
A10KJE-202501;MMW-1;KJPC2-06;:;:;:;:
A10KJE-202501;MMW-1;KJPC2-07;:;:;:;:
A10KJE-202501;MMW-1;KJPC2-51;:;0,0;0,0;0,0
A10KJE-202501;MMW-1;KJPC2-59;:;0,0;0,0;0,0
A10KJE-202501;MMW-1;KJPC2-64;:;0,0;0,0;0,0
A10KJE-202501;MMW-1;KJPC2-69;:;0,0;0,0;0,0
A10KJE-202501;MMW-1;KJPC2-79;:;0,0;0,0;0,0
A10KJE-202501;MMW-2;KJPC2-06;:;:;:;:
A10KJE-202501;MMW-2;KJPC2-07;:;:;:;:
A10KJE-202501;MMW-2;KJPC2-51;:;0,0;0,0;0,0
A10KJE-202501;MMW-2;KJPC2-59;:;0,0;0,0;0,0
A10KJE-202501;MMW-2;KJPC2-64;:;0,0;0,0;0,0
A10KJE-202501;MMW-2;KJPC2-69;:;0,0;0,0;0,0
A10KJE-202501;MMW-2;KJPC2-79;:;0,0;0,0;0,0
A10KJE-202502;MMW-3;KJPC2-06;:;:;:;:
A10KJE-202502;MMW-3;KJPC2-07;:;:;:;:
A10KJE-202502;MMW-3;KJPC2-08;64418,8;67245,8;67245,8;67355,3
A10KJE-202502;MMW-3;KJPC2-09;4899,4;4899,4;4899,4;4899,4
A10KJE-202502;MMW-3;KJPC2-10;1604418,3;1620232,9;1620232,9;1617160,2
A10KJE-202502;MMW-3;KJPC2-11;810170,8;235142,0;235142,0;810343,5
A10KJE-202502;MMW-3;KJPC2-13;107891,8;89283,2;89390,7;99701,6
A10KJE-202502;MMW-3;KJPC2-14;41206,0;13784,2;13784,2;43390,0
A10KJE-202502;MMW-3;KJPC2-15;50555,2;16827,8;16827,8;43085,8
A10KJE-202502;MMW-3;KJPC2-16;749591,7;753655,4;753655,4;759890,8
A10KJE-202502;MMW-3;KJPC2-17;544856,4;563667,6;597557,4;563171,7
A10KJE-202502;MMW-3;KJPC2-18;117006,8;100791,4;100791,4;99908,7
A10KJE-202502;MMW-3;KJPC2-19;396851,0;556271,5;556271,5;556271,5
A10KJE-202502;MMW-3;KJPC2-20;772060,5;696464,9;733572,5;776869,3
A10KJE-202502;MMW-3;KJPC2-21;505316,5;569715,5;570871,1;499028,5
A10KJE-202502;MMW-3;KJPC2-22;578321,6;583120,9;583120,9;581502,3
A10KJE-202502;MMW-3;KJPC2-23;383017,2;389938,9;389938,9;389325,7
A10KJE-202502;MMW-3;KJPC2-24;1790079,2;1737336,9;2208228,4;1731773,6
A10KJE-202502;MMW-3;KJPC2-25;1281357,5;1151791,4;1151791,4;1120869,6
A10KJE-202502;MMW-3;KJPC2-26;759239,5;686280,4;686280,4;750027,7
A10KJE-202502;MMW-3;KJPC2-27;861773,5;837642,2;837642,2;853329,8
A10KJE-202502;MMW-3;KJPC2-28;1787450,8;1771598,3;1771598,3;1794477,3
A10KJE-202502;MMW-3;KJPC2-29;1199844,6;1188608,8;1188608,8;1179022,2
A10KJE-202502;MMW-3;KJPC2-30;423185,7;391971,1;391971,1;406133,9
A10KJE-202502;MMW-3;KJPC2-31;205903,5;207868,7;207868,7;207021,6
A10KJE-202502;MMW-3;KJPC2-32;235168,3;378040,9;378040,9;379893,9
A10KJE-202502;MMW-3;KJPC2-33;589567,6;0,0;0,0;0,0
A10KJE-202502;MMW-3;KJPC2-35;6032203,7;6056184,5;6056184,5;6056184,5
A10KJE-202502;MMW-3;KJPC2-36;49635,3;51253,3;51253,3;51253,3
A10KJE-202502;MMW-3;KJPC2-37;55372,9;55372,9;55372,9;55372,9
A10KJE-202502;MMW-3;KJPC2-38;421209,8;416480,4;416480,4;416252,6
A10KJE-202502;MMW-3;KJPC2-39;2532,0;2532,0;2532,0;2532,0
A10KJE-202502;MMW-3;KJPC2-41;946205,4;856629,4;856629,4;945674,5
A10KJE-202502;MMW-3;KJPC2-42;473126,0;466632,2;466632,2;473538,3
A10KJE-202502;MMW-3;KJPC2-43;1537618,9;248844,0;248844,0;252038,2
A10KJE-202502;MMW-3;KJPC2-44;476100,1;316471,3;316471,3;316619,0
A10KJE-202502;MMW-3;KJPC2-46;1149381,5;0,0;0,0;0,0
A10KJE-202502;MMW-3;KJPC2-47;234671,9;0,0;0,0;0,0
A10KJE-202502;MMW-3;KJPC2-49;22478,3;0,0;0,0;0,0
A10KJE-202502;MMW-3;KJPC2-52;18457,1;0,0;0,0;0,0
A10KJE-202502;MMW-3;KJPC2-53;18,9;0,0;0,0;0,0
A10KJE-202502;MMW-3;KJPC2-55;967,0;0,0;0,0;0,0
A10KJE-202502;MMW-3;KJPC2-56;14496,1;0,0;0,0;0,0
A10KJE-202502;MMW-3;KJPC2-58;2155,7;0,0;0,0;0,0
A10KJE-202502;MMW-3;KJPC2-59;:;0,0;0,0;0,0
A10KJE-202502;MMW-3;KJPC2-61;9116,8;0,0;0,0;0,0
A10KJE-202502;MMW-3;KJPC2-62;18785,7;0,0;0,0;0,0
A10KJE-202502;MMW-3;KJPC2-63;7720,9;0,0;0,0;0,0
A10KJE-202502;MMW-3;KJPC2-64;:;0,0;0,0;0,0
A10KJE-202502;MMW-3;KJPC2-66;:;0,0;0,0;0,0
A10KJE-202502;MMW-3;KJPC2-68;27563,5;0,0;0,0;0,0
A10KJE-202502;MMW-3;KJPC2-69;:;0,0;0,0;0,0
A10KJE-202502;MMW-3;KJPC2-70;38960,1;0,0;0,0;0,0
A10KJE-202502;MMW-3;KJPC2-71;10697,4;0,0;0,0;0,0
A10KJE-202502;MMW-3;KJPC2-72;39978,9;0,0;0,0;0,0
A10KJE-202502;MMW-3;KJPC2-73;272,6;0,0;0,0;0,0
A10KJE-202502;MMW-3;KJPC2-74;16319,8;0,0;0,0;0,0
A10KJE-202502;MMW-3;KJPC2-77;58868,0;0,0;0,0;0,0
A10KJE-202502;MMW-3;KJPC2-78;17740,0;0,0;0,0;0,0
A10KJE-202502;MMW-3;KJPC2-79;:;0,0;0,0;0,0
A10KJE-202502;MMW-3;KJPC2-81;13445,3;0,0;0,0;0,0
A10KJE-202502;MMW-3;KJPC2-82;26911,1;0,0;0,0;0,0
A10KJE-202502;MMW-3;KJPC2-85;391,4;0,0;0,0;0,0
A10KJE-202502;MMW-3;KJPC2-86;501,1;0,0;0,0;0,0
A10KJE-202502;MMW-3;KJPC2-93;779,4;0,0;0,0;0,0
A10KJE-202502;MMW-3;KJPC2-95;11323,5;0,0;0,0;0,0
A10KJE-202502;MMW-3;KJPC2-96;2147,1;0,0;0,0;0,0
A10KJE-202502;MMW-1;KJPC2-06;:;:;:;:
A10KJE-202502;MMW-1;KJPC2-07;:;:;:;:
A10KJE-202502;MMW-1;KJPC2-59;:;0,0;0,0;0,0
A10KJE-202502;MMW-1;KJPC2-64;:;0,0;0,0;0,0
A10KJE-202502;MMW-1;KJPC2-66;:;0,0;0,0;0,0
A10KJE-202502;MMW-1;KJPC2-69;:;0,0;0,0;0,0
A10KJE-202502;MMW-1;KJPC2-79;:;0,0;0,0;0,0
A10KJE-202502;MMW-2;KJPC2-06;:;:;:;:
A10KJE-202502;MMW-2;KJPC2-07;:;:;:;:
A10KJE-202502;MMW-2;KJPC2-59;:;0,0;0,0;0,0
A10KJE-202502;MMW-2;KJPC2-64;:;0,0;0,0;0,0
A10KJE-202502;MMW-2;KJPC2-66;:;0,0;0,0;0,0
A10KJE-202502;MMW-2;KJPC2-69;:;0,0;0,0;0,0
A10KJE-202502;MMW-2;KJPC2-79;:;0,0;0,0;0,0
A10KJE-202503;MMW-3;KJPC2-06;:;:;:;:
A10KJE-202503;MMW-3;KJPC2-07;:;:;:;:
A10KJE-202503;MMW-3;KJPC2-08;86943,0;92823,7;92823,7;92948,8
A10KJE-202503;MMW-3;KJPC2-09;5128,5;5128,5;5128,5;5128,5
A10KJE-202503;MMW-3;KJPC2-10;1717216,4;1726294,0;1726294,0;1724423,4
A10KJE-202503;MMW-3;KJPC2-11;878642,9;277187,2;277187,2;880603,3
A10KJE-202503;MMW-3;KJPC2-13;124139,7;108132,6;108214,2;118602,4
A10KJE-202503;MMW-3;KJPC2-14;44449,3;14238,4;14238,4;42378,4
A10KJE-202503;MMW-3;KJPC2-15;42222,2;16512,6;16512,6;46051,0
A10KJE-202503;MMW-3;KJPC2-16;835861,7;849992,1;849992,1;857612,9
A10KJE-202503;MMW-3;KJPC2-17;587242,7;615580,2;652587,2;615065,3
A10KJE-202503;MMW-3;KJPC2-18;129199,3;113943,5;113943,5;113208,3
A10KJE-202503;MMW-3;KJPC2-19;436090,4;589108,1;589108,1;589108,1
A10KJE-202503;MMW-3;KJPC2-20;834606,2;738858,8;780028,9;816914,8
A10KJE-202503;MMW-3;KJPC2-21;577209,8;653489,1;656073,7;570528,5
A10KJE-202503;MMW-3;KJPC2-22;634416,5;647323,4;647323,4;645696,2
A10KJE-202503;MMW-3;KJPC2-23;497391,9;503665,3;503665,3;503270,6
A10KJE-202503;MMW-3;KJPC2-24;1903827,4;1865547,6;2449144,9;1858922,7
A10KJE-202503;MMW-3;KJPC2-25;1444883,4;1396986,1;1396986,1;1360593,4
A10KJE-202503;MMW-3;KJPC2-26;834554,1;732481,4;732481,4;823702,7
A10KJE-202503;MMW-3;KJPC2-27;1040385,8;1015443,7;1015443,7;1031808,5
A10KJE-202503;MMW-3;KJPC2-28;2062048,7;2068099,2;2068099,2;2056108,2
A10KJE-202503;MMW-3;KJPC2-29;1200720,1;1238820,0;1238820,0;1235991,4
A10KJE-202503;MMW-3;KJPC2-30;442993,4;407339,0;407339,0;426117,3
A10KJE-202503;MMW-3;KJPC2-31;224344,9;219544,0;219544,0;220695,4
A10KJE-202503;MMW-3;KJPC2-32;276747,1;322675,0;322675,0;323726,8
A10KJE-202503;MMW-3;KJPC2-33;742604,2;0,0;0,0;0,0
A10KJE-202503;MMW-3;KJPC2-35;5594276,7;5617458,4;5617458,4;5617458,4
A10KJE-202503;MMW-3;KJPC2-36;54878,8;56896,6;56896,6;56896,6
A10KJE-202503;MMW-3;KJPC2-37;71007,4;71007,4;71007,4;71007,4
A10KJE-202503;MMW-3;KJPC2-38;434847,7;429532,9;429532,9;428497,0
A10KJE-202503;MMW-3;KJPC2-39;3651,8;3651,8;3651,8;3651,8
A10KJE-202503;MMW-3;KJPC2-41;1102892,0;989830,5;989830,5;1100956,3
A10KJE-202503;MMW-3;KJPC2-42;773383,5;764409,0;764409,0;772595,6
A10KJE-202503;MMW-3;KJPC2-43;1996235,3;321902,1;321902,1;324184,0
A10KJE-202503;MMW-3;KJPC2-44;609602,6;396387,4;396387,4;396523,6
A10KJE-202503;MMW-3;KJPC2-46;1248943,2;0,0;0,0;0,0
A10KJE-202503;MMW-3;KJPC2-47;245263,5;0,0;0,0;0,0
A10KJE-202503;MMW-3;KJPC2-49;28734,6;0,0;0,0;0,0
A10KJE-202503;MMW-3;KJPC2-51;:;0,0;0,0;0,0
A10KJE-202503;MMW-3;KJPC2-52;19126,9;0,0;0,0;0,0
A10KJE-202503;MMW-3;KJPC2-53;10,4;0,0;0,0;0,0
A10KJE-202503;MMW-3;KJPC2-55;298,9;0,0;0,0;0,0
A10KJE-202503;MMW-3;KJPC2-56;16000,1;0,0;0,0;0,0
A10KJE-202503;MMW-3;KJPC2-58;2223,9;0,0;0,0;0,0
A10KJE-202503;MMW-3;KJPC2-59;:;0,0;0,0;0,0
A10KJE-202503;MMW-3;KJPC2-61;13175,7;0,0;0,0;0,0
A10KJE-202503;MMW-3;KJPC2-62;27087,3;0,0;0,0;0,0
A10KJE-202503;MMW-3;KJPC2-63;8627,5;0,0;0,0;0,0
A10KJE-202503;MMW-3;KJPC2-64;:;0,0;0,0;0,0
A10KJE-202503;MMW-3;KJPC2-68;28079,8;0,0;0,0;0,0
A10KJE-202503;MMW-3;KJPC2-69;:;0,0;0,0;0,0
A10KJE-202503;MMW-3;KJPC2-70;66966,7;0,0;0,0;0,0
A10KJE-202503;MMW-3;KJPC2-71;17854,4;0,0;0,0;0,0
A10KJE-202503;MMW-3;KJPC2-72;141236,8;0,0;0,0;0,0
A10KJE-202503;MMW-3;KJPC2-73;515,6;0,0;0,0;0,0
A10KJE-202503;MMW-3;KJPC2-74;13910,8;0,0;0,0;0,0
A10KJE-202503;MMW-3;KJPC2-77;46252,1;0,0;0,0;0,0
A10KJE-202503;MMW-3;KJPC2-78;26937,9;0,0;0,0;0,0
A10KJE-202503;MMW-3;KJPC2-79;:;0,0;0,0;0,0
A10KJE-202503;MMW-3;KJPC2-81;10606,8;0,0;0,0;0,0
A10KJE-202503;MMW-3;KJPC2-82;27281,5;0,0;0,0;0,0
A10KJE-202503;MMW-3;KJPC2-85;477,2;0,0;0,0;0,0
A10KJE-202503;MMW-3;KJPC2-86;1082,8;0,0;0,0;0,0
A10KJE-202503;MMW-3;KJPC2-93;680,8;0,0;0,0;0,0
A10KJE-202503;MMW-3;KJPC2-95;11434,3;0,0;0,0;0,0
A10KJE-202503;MMW-3;KJPC2-96;2314,1;0,0;0,0;0,0
A10KJE-202503;MMW-1;KJPC2-06;:;:;:;:
A10KJE-202503;MMW-1;KJPC2-07;:;:;:;:
A10KJE-202503;MMW-1;KJPC2-51;:;0,0;0,0;0,0
A10KJE-202503;MMW-1;KJPC2-59;:;0,0;0,0;0,0
A10KJE-202503;MMW-1;KJPC2-64;:;0,0;0,0;0,0
A10KJE-202503;MMW-1;KJPC2-69;:;0,0;0,0;0,0
A10KJE-202503;MMW-1;KJPC2-79;:;0,0;0,0;0,0
A10KJE-202503;MMW-2;KJPC2-06;:;:;:;:
A10KJE-202503;MMW-2;KJPC2-07;:;:;:;:
A10KJE-202503;MMW-2;KJPC2-51;:;0,0;0,0;0,0
A10KJE-202503;MMW-2;KJPC2-59;:;0,0;0,0;0,0
A10KJE-202503;MMW-2;KJPC2-64;:;0,0;0,0;0,0
A10KJE-202503;MMW-2;KJPC2-69;:;0,0;0,0;0,0
A10KJE-202503;MMW-2;KJPC2-79;:;0,0;0,0;0,0
A10KJE-202504;MMW-3;KJPC2-06;:;:;:;:
A10KJE-202504;MMW-3;KJPC2-07;:;:;:;:
A10KJE-202504;MMW-3;KJPC2-08;94729,3;93700,7;93700,7;93831,8
A10KJE-202504;MMW-3;KJPC2-09;5179,2;5179,2;5179,2;5179,2
A10KJE-202504;MMW-3;KJPC2-10;1762879,5;1767400,8;1767400,8;1762853,8
A10KJE-202504;MMW-3;KJPC2-11;888091,1;268621,5;268621,5;886739,5
A10KJE-202504;MMW-3;KJPC2-13;113599,9;96285,7;96373,2;104427,5
A10KJE-202504;MMW-3;KJPC2-14;33396,0;12340,7;12340,7;31194,7
A10KJE-202504;MMW-3;KJPC2-15;34346,8;17565,7;17565,7;38546,5
A10KJE-202504;MMW-3;KJPC2-16;824409,6;852226,2;852226,2;858817,9
A10KJE-202504;MMW-3;KJPC2-17;558069,9;592982,1;628066,0;592424,0
A10KJE-202504;MMW-3;KJPC2-18;131577,5;113541,0;113541,0;112932,1
A10KJE-202504;MMW-3;KJPC2-19;465371,9;516813,8;516813,8;516813,8
A10KJE-202504;MMW-3;KJPC2-20;755360,4;693334,4;732503,5;754944,1
A10KJE-202504;MMW-3;KJPC2-21;524834,2;575747,8;582031,4;512103,2
A10KJE-202504;MMW-3;KJPC2-22;621293,9;627026,6;627026,6;623902,7
A10KJE-202504;MMW-3;KJPC2-23;532289,4;533735,5;533735,5;533041,1
A10KJE-202504;MMW-3;KJPC2-24;1846524,9;1875849,1;2366370,2;1869603,0
A10KJE-202504;MMW-3;KJPC2-25;1355762,0;1331973,5;1331973,5;1300565,1
A10KJE-202504;MMW-3;KJPC2-26;794708,9;733857,8;733857,8;794306,1
A10KJE-202504;MMW-3;KJPC2-27;955063,1;921976,5;921976,5;940069,1
A10KJE-202504;MMW-3;KJPC2-28;1806230,3;1818347,5;1818347,5;1816592,3
A10KJE-202504;MMW-3;KJPC2-29;1263638,6;1237122,4;1237122,4;1234293,5
A10KJE-202504;MMW-3;KJPC2-30;420512,2;394108,1;394108,1;409601,8
A10KJE-202504;MMW-3;KJPC2-31;227862,8;226281,5;226281,5;226302,4
A10KJE-202504;MMW-3;KJPC2-32;285388,1;495757,4;495757,4;497718,0
A10KJE-202504;MMW-3;KJPC2-33;672788,9;0,0;0,0;0,0
A10KJE-202504;MMW-3;KJPC2-35;4600157,4;4617412,7;4617412,7;4617412,7
A10KJE-202504;MMW-3;KJPC2-36;53983,7;56114,7;56114,7;56114,7
A10KJE-202504;MMW-3;KJPC2-37;120145,2;119248,9;119248,9;119248,9
A10KJE-202504;MMW-3;KJPC2-38;425874,0;419752,0;419752,0;418615,7
A10KJE-202504;MMW-3;KJPC2-39;7319,0;7319,0;7319,0;7319,0
A10KJE-202504;MMW-3;KJPC2-41;1171902,9;1080393,7;1080393,7;1165452,8
A10KJE-202504;MMW-3;KJPC2-42;845695,6;837718,0;837718,0;843973,7
A10KJE-202504;MMW-3;KJPC2-43;1874475,1;319559,4;319559,4;323230,4
A10KJE-202504;MMW-3;KJPC2-44;530370,7;382841,8;382841,8;382521,4
A10KJE-202504;MMW-3;KJPC2-46;1219950,5;0,0;0,0;0,0
A10KJE-202504;MMW-3;KJPC2-47;258524,1;0,0;0,0;0,0
A10KJE-202504;MMW-3;KJPC2-49;29330,0;0,0;0,0;0,0
A10KJE-202504;MMW-3;KJPC2-52;17874,8;0,0;0,0;0,0
A10KJE-202504;MMW-3;KJPC2-53;21,9;0,0;0,0;0,0
A10KJE-202504;MMW-3;KJPC2-55;232,8;0,0;0,0;0,0
A10KJE-202504;MMW-3;KJPC2-56;15923,6;0,0;0,0;0,0
A10KJE-202504;MMW-3;KJPC2-58;2204,7;0,0;0,0;0,0
A10KJE-202504;MMW-3;KJPC2-59;:;0,0;0,0;0,0
A10KJE-202504;MMW-3;KJPC2-61;10653,7;0,0;0,0;0,0
A10KJE-202504;MMW-3;KJPC2-62;10961,2;0,0;0,0;0,0
A10KJE-202504;MMW-3;KJPC2-63;8065,1;0,0;0,0;0,0
A10KJE-202504;MMW-3;KJPC2-64;:;0,0;0,0;0,0
A10KJE-202504;MMW-3;KJPC2-68;25662,8;0,0;0,0;0,0
A10KJE-202504;MMW-3;KJPC2-69;:;0,0;0,0;0,0
A10KJE-202504;MMW-3;KJPC2-70;70533,2;0,0;0,0;0,0
A10KJE-202504;MMW-3;KJPC2-71;10710,7;0,0;0,0;0,0
A10KJE-202504;MMW-3;KJPC2-72;77514,0;0,0;0,0;0,0
A10KJE-202504;MMW-3;KJPC2-73;483,8;0,0;0,0;0,0
A10KJE-202504;MMW-3;KJPC2-74;13420,1;0,0;0,0;0,0
A10KJE-202504;MMW-3;KJPC2-77;39721,6;0,0;0,0;0,0
A10KJE-202504;MMW-3;KJPC2-78;21334,4;0,0;0,0;0,0
A10KJE-202504;MMW-3;KJPC2-79;:;0,0;0,0;0,0
A10KJE-202504;MMW-3;KJPC2-81;11050,3;0,0;0,0;0,0
A10KJE-202504;MMW-3;KJPC2-82;28079,5;0,0;0,0;0,0
A10KJE-202504;MMW-3;KJPC2-85;343,7;0,0;0,0;0,0
A10KJE-202504;MMW-3;KJPC2-86;:;0,0;0,0;0,0
A10KJE-202504;MMW-3;KJPC2-93;893,4;0,0;0,0;0,0
A10KJE-202504;MMW-3;KJPC2-95;12759,6;0,0;0,0;0,0
A10KJE-202504;MMW-3;KJPC2-96;2049,2;0,0;0,0;0,0
A10KJE-202504;MMW-1;KJPC2-06;:;:;:;:
A10KJE-202504;MMW-1;KJPC2-07;:;:;:;:
A10KJE-202504;MMW-1;KJPC2-59;:;0,0;0,0;0,0
A10KJE-202504;MMW-1;KJPC2-64;:;0,0;0,0;0,0
A10KJE-202504;MMW-1;KJPC2-69;:;0,0;0,0;0,0
A10KJE-202504;MMW-1;KJPC2-79;:;0,0;0,0;0,0
A10KJE-202504;MMW-1;KJPC2-86;:;0,0;0,0;0,0
A10KJE-202504;MMW-2;KJPC2-06;:;:;:;:
A10KJE-202504;MMW-2;KJPC2-07;:;:;:;:
A10KJE-202504;MMW-2;KJPC2-59;:;0,0;0,0;0,0
A10KJE-202504;MMW-2;KJPC2-64;:;0,0;0,0;0,0
A10KJE-202504;MMW-2;KJPC2-69;:;0,0;0,0;0,0
A10KJE-202504;MMW-2;KJPC2-79;:;0,0;0,0;0,0
A10KJE-202504;MMW-2;KJPC2-86;:;0,0;0,0;0,0
A10KJE-202505;MMW-3;KJPC2-06;:;:;:;:
A10KJE-202505;MMW-3;KJPC2-07;:;:;:;:
A10KJE-202505;MMW-3;KJPC2-08;94649,6;97970,7;97970,7;98088,9
A10KJE-202505;MMW-3;KJPC2-09;8137,1;8137,1;8137,1;8137,1
A10KJE-202505;MMW-3;KJPC2-10;1697875,4;1691311,1;1691311,1;1694425,4
A10KJE-202505;MMW-3;KJPC2-11;915726,5;278732,3;278732,3;912387,1
A10KJE-202505;MMW-3;KJPC2-13;113537,8;100580,4;100683,8;108065,4
A10KJE-202505;MMW-3;KJPC2-14;27303,8;10684,0;10684,0;25681,3
A10KJE-202505;MMW-3;KJPC2-15;38541,0;18051,5;18051,5;41937,0
A10KJE-202505;MMW-3;KJPC2-16;815639,1;837782,7;837782,7;842654,2
A10KJE-202505;MMW-3;KJPC2-17;548212,8;587244,8;614743,1;586695,3
A10KJE-202505;MMW-3;KJPC2-18;123413,8;107137,3;107137,3;106519,0
A10KJE-202505;MMW-3;KJPC2-19;473284,7;530755,7;530755,7;530755,7
A10KJE-202505;MMW-3;KJPC2-20;707211,7;672830,4;707379,9;733029,3
A10KJE-202505;MMW-3;KJPC2-21;463197,1;550944,0;553548,9;468401,3
A10KJE-202505;MMW-3;KJPC2-22;615009,8;625387,7;625387,7;623838,4
A10KJE-202505;MMW-3;KJPC2-23;520732,2;522237,6;522237,6;521835,5
A10KJE-202505;MMW-3;KJPC2-24;1856893,8;1802504,0;2333434,1;1796485,8
A10KJE-202505;MMW-3;KJPC2-25;1318128,5;1264222,9;1264222,9;1239228,1
A10KJE-202505;MMW-3;KJPC2-26;800659,1;710033,1;710033,1;784651,9
A10KJE-202505;MMW-3;KJPC2-27;968844,8;953276,8;953276,8;969861,5
A10KJE-202505;MMW-3;KJPC2-28;1843744,1;1855495,1;1855495,1;1855291,2
A10KJE-202505;MMW-3;KJPC2-29;1169923,9;1151409,2;1151409,2;1147576,0
A10KJE-202505;MMW-3;KJPC2-30;438876,6;399154,6;399154,6;412014,9
A10KJE-202505;MMW-3;KJPC2-31;210402,7;209854,4;209854,4;210118,7
A10KJE-202505;MMW-3;KJPC2-32;236767,8;451332,8;451332,8;456480,2
A10KJE-202505;MMW-3;KJPC2-33;676214,7;0,0;0,0;0,0
A10KJE-202505;MMW-3;KJPC2-35;4370199,8;4383406,8;4383406,8;4383406,8
A10KJE-202505;MMW-3;KJPC2-36;58451,5;60496,5;60496,5;60496,5
A10KJE-202505;MMW-3;KJPC2-37;47282,8;46962,4;46962,4;46962,4
A10KJE-202505;MMW-3;KJPC2-38;502787,6;498540,9;498540,9;496403,7
A10KJE-202505;MMW-3;KJPC2-39;4942,5;4942,5;4942,5;4942,5
A10KJE-202505;MMW-3;KJPC2-41;1209050,5;1101691,1;1101691,1;1205932,7
A10KJE-202505;MMW-3;KJPC2-42;950086,1;932543,5;932543,5;949353,8
A10KJE-202505;MMW-3;KJPC2-43;1869835,1;325782,8;325782,8;332912,5
A10KJE-202505;MMW-3;KJPC2-44;558402,5;314464,8;314464,8;316208,0
A10KJE-202505;MMW-3;KJPC2-46;1157898,6;0,0;0,0;0,0
A10KJE-202505;MMW-3;KJPC2-47;235667,2;0,0;0,0;0,0
A10KJE-202505;MMW-3;KJPC2-49;27260,2;0,0;0,0;0,0
A10KJE-202505;MMW-3;KJPC2-52;19903,5;0,0;0,0;0,0
A10KJE-202505;MMW-3;KJPC2-53;9,1;0,0;0,0;0,0
A10KJE-202505;MMW-3;KJPC2-55;353,3;0,0;0,0;0,0
A10KJE-202505;MMW-3;KJPC2-56;16599,7;0,0;0,0;0,0
A10KJE-202505;MMW-3;KJPC2-58;2210,8;0,0;0,0;0,0
A10KJE-202505;MMW-3;KJPC2-59;:;0,0;0,0;0,0
A10KJE-202505;MMW-3;KJPC2-61;10587,5;0,0;0,0;0,0
A10KJE-202505;MMW-3;KJPC2-62;13534,6;0,0;0,0;0,0
A10KJE-202505;MMW-3;KJPC2-63;7762,4;0,0;0,0;0,0
A10KJE-202505;MMW-3;KJPC2-64;:;0,0;0,0;0,0
A10KJE-202505;MMW-3;KJPC2-68;28698,6;0,0;0,0;0,0
A10KJE-202505;MMW-3;KJPC2-69;:;0,0;0,0;0,0
A10KJE-202505;MMW-3;KJPC2-70;71903,5;0,0;0,0;0,0
A10KJE-202505;MMW-3;KJPC2-71;44404,8;0,0;0,0;0,0
A10KJE-202505;MMW-3;KJPC2-72;78166,9;0,0;0,0;0,0
A10KJE-202505;MMW-3;KJPC2-73;425,2;0,0;0,0;0,0
A10KJE-202505;MMW-3;KJPC2-74;12979,5;0,0;0,0;0,0
A10KJE-202505;MMW-3;KJPC2-75;:;0,0;0,0;0,0
A10KJE-202505;MMW-3;KJPC2-77;40541,2;0,0;0,0;0,0
A10KJE-202505;MMW-3;KJPC2-78;28117,0;0,0;0,0;0,0
A10KJE-202505;MMW-3;KJPC2-79;:;0,0;0,0;0,0
A10KJE-202505;MMW-3;KJPC2-81;12432,9;0,0;0,0;0,0
A10KJE-202505;MMW-3;KJPC2-82;29493,0;0,0;0,0;0,0
A10KJE-202505;MMW-3;KJPC2-85;83,0;0,0;0,0;0,0
A10KJE-202505;MMW-3;KJPC2-86;:;0,0;0,0;0,0
A10KJE-202505;MMW-3;KJPC2-93;1252,3;0,0;0,0;0,0
A10KJE-202505;MMW-3;KJPC2-95;12985,5;0,0;0,0;0,0
A10KJE-202505;MMW-3;KJPC2-96;1767,0;0,0;0,0;0,0
A10KJE-202505;MMW-1;KJPC2-06;:;:;:;:
A10KJE-202505;MMW-1;KJPC2-07;:;:;:;:
A10KJE-202505;MMW-1;KJPC2-59;:;0,0;0,0;0,0
A10KJE-202505;MMW-1;KJPC2-64;:;0,0;0,0;0,0
A10KJE-202505;MMW-1;KJPC2-69;:;0,0;0,0;0,0
A10KJE-202505;MMW-1;KJPC2-75;:;0,0;0,0;0,0
A10KJE-202505;MMW-1;KJPC2-79;:;0,0;0,0;0,0
A10KJE-202505;MMW-1;KJPC2-86;:;0,0;0,0;0,0
A10KJE-202505;MMW-2;KJPC2-06;:;:;:;:
A10KJE-202505;MMW-2;KJPC2-07;:;:;:;:
A10KJE-202505;MMW-2;KJPC2-59;:;0,0;0,0;0,0
A10KJE-202505;MMW-2;KJPC2-64;:;0,0;0,0;0,0
A10KJE-202505;MMW-2;KJPC2-69;:;0,0;0,0;0,0
A10KJE-202505;MMW-2;KJPC2-75;:;0,0;0,0;0,0
A10KJE-202505;MMW-2;KJPC2-79;:;0,0;0,0;0,0
A10KJE-202505;MMW-2;KJPC2-86;:;0,0;0,0;0,0
A10KJE-202506;MMW-3;KJPC2-06;:;:;:;:
A10KJE-202506;MMW-3;KJPC2-07;:;:;:;:
A10KJE-202506;MMW-3;KJPC2-08;90510,2;92934,2;92934,2;93123,1
A10KJE-202506;MMW-3;KJPC2-09;9813,4;9813,4;9813,4;9813,4
A10KJE-202506;MMW-3;KJPC2-10;1667441,6;1661936,0;1661936,0;1661503,3
A10KJE-202506;MMW-3;KJPC2-11;928691,7;294356,8;294356,8;924581,2
A10KJE-202506;MMW-3;KJPC2-13;112238,3;95171,9;95309,6;102413,6
A10KJE-202506;MMW-3;KJPC2-14;29470,5;11785,8;11785,8;30165,0
A10KJE-202506;MMW-3;KJPC2-15;45793,1;18720,9;18720,9;46739,1
A10KJE-202506;MMW-3;KJPC2-16;781714,8;799294,5;799294,5;803870,6
A10KJE-202506;MMW-3;KJPC2-17;527936,1;553054,2;588242,9;552454,7
A10KJE-202506;MMW-3;KJPC2-18;121027,1;105112,2;105112,2;104853,1
A10KJE-202506;MMW-3;KJPC2-19;489007,4;575771,5;575771,5;575771,5
A10KJE-202506;MMW-3;KJPC2-20;757921,4;661370,6;690845,5;752153,4
A10KJE-202506;MMW-3;KJPC2-21;618937,7;673626,2;676798,5;611261,9
A10KJE-202506;MMW-3;KJPC2-22;608886,3;593786,8;593786,8;592221,4
A10KJE-202506;MMW-3;KJPC2-23;499773,0;497434,8;497434,8;496688,7
A10KJE-202506;MMW-3;KJPC2-24;1719122,7;1664493,4;2131053,9;1658649,7
A10KJE-202506;MMW-3;KJPC2-25;1338526,6;1316852,6;1316852,6;1285233,8
A10KJE-202506;MMW-3;KJPC2-26;891040,2;791516,9;791516,9;880967,1
A10KJE-202506;MMW-3;KJPC2-27;982451,3;963531,6;963531,6;981679,5
A10KJE-202506;MMW-3;KJPC2-28;1861030,3;1854113,8;1854113,8;1811882,9
A10KJE-202506;MMW-3;KJPC2-29;1179564,3;1183531,2;1183531,2;1179331,3
A10KJE-202506;MMW-3;KJPC2-30;406265,6;390650,4;390650,4;399307,4
A10KJE-202506;MMW-3;KJPC2-31;226667,1;225762,3;225762,3;225959,1
A10KJE-202506;MMW-3;KJPC2-32;220244,3;392450,7;392450,7;397458,9
A10KJE-202506;MMW-3;KJPC2-33;687591,2;0,0;0,0;0,0
A10KJE-202506;MMW-3;KJPC2-35;3922610,8;3934027,5;3934027,5;3934027,5
A10KJE-202506;MMW-3;KJPC2-36;58785,9;60950,3;60950,3;60950,3
A10KJE-202506;MMW-3;KJPC2-37;66177,3;66177,3;66177,3;66177,3
A10KJE-202506;MMW-3;KJPC2-38;392616,1;387352,5;387352,5;384630,9
A10KJE-202506;MMW-3;KJPC2-39;5689,7;5689,7;5689,7;5689,7
A10KJE-202506;MMW-3;KJPC2-41;1188103,8;1102200,9;1102200,9;1188109,5
A10KJE-202506;MMW-3;KJPC2-42;923728,9;911312,2;911312,2;923986,1
A10KJE-202506;MMW-3;KJPC2-43;1946391,5;335806,2;335806,2;340925,1
A10KJE-202506;MMW-3;KJPC2-44;692865,3;503422,8;503422,8;503452,5
A10KJE-202506;MMW-3;KJPC2-46;1182145,6;0,0;0,0;0,0
A10KJE-202506;MMW-3;KJPC2-47;248841,0;0,0;0,0;0,0
A10KJE-202506;MMW-3;KJPC2-49;32381,8;0,0;0,0;0,0
A10KJE-202506;MMW-3;KJPC2-52;18099,2;0,0;0,0;0,0
A10KJE-202506;MMW-3;KJPC2-53;5,9;0,0;0,0;0,0
A10KJE-202506;MMW-3;KJPC2-55;388,3;0,0;0,0;0,0
A10KJE-202506;MMW-3;KJPC2-56;16550,3;0,0;0,0;0,0
A10KJE-202506;MMW-3;KJPC2-58;1560,4;0,0;0,0;0,0
A10KJE-202506;MMW-3;KJPC2-59;:;0,0;0,0;0,0
A10KJE-202506;MMW-3;KJPC2-61;12634,8;0,0;0,0;0,0
A10KJE-202506;MMW-3;KJPC2-62;14425,0;0,0;0,0;0,0
A10KJE-202506;MMW-3;KJPC2-63;8282,2;0,0;0,0;0,0
A10KJE-202506;MMW-3;KJPC2-64;:;0,0;0,0;0,0
A10KJE-202506;MMW-3;KJPC2-68;31346,4;0,0;0,0;0,0
A10KJE-202506;MMW-3;KJPC2-69;:;0,0;0,0;0,0
A10KJE-202506;MMW-3;KJPC2-70;65124,5;0,0;0,0;0,0
A10KJE-202506;MMW-3;KJPC2-71;12254,1;0,0;0,0;0,0
A10KJE-202506;MMW-3;KJPC2-72;337630,5;0,0;0,0;0,0
A10KJE-202506;MMW-3;KJPC2-73;1287,4;0,0;0,0;0,0
A10KJE-202506;MMW-3;KJPC2-74;12049,2;0,0;0,0;0,0
A10KJE-202506;MMW-3;KJPC2-75;:;0,0;0,0;0,0
A10KJE-202506;MMW-3;KJPC2-77;96846,3;0,0;0,0;0,0
A10KJE-202506;MMW-3;KJPC2-78;17196,0;0,0;0,0;0,0
A10KJE-202506;MMW-3;KJPC2-79;:;0,0;0,0;0,0
A10KJE-202506;MMW-3;KJPC2-81;9507,8;0,0;0,0;0,0
A10KJE-202506;MMW-3;KJPC2-82;33631,6;0,0;0,0;0,0
A10KJE-202506;MMW-3;KJPC2-85;246,0;0,0;0,0;0,0
A10KJE-202506;MMW-3;KJPC2-86;:;0,0;0,0;0,0
A10KJE-202506;MMW-3;KJPC2-93;1895,7;0,0;0,0;0,0
A10KJE-202506;MMW-3;KJPC2-95;14786,3;0,0;0,0;0,0
A10KJE-202506;MMW-3;KJPC2-96;2130,4;0,0;0,0;0,0
A10KJE-202506;MMW-1;KJPC2-06;:;:;:;:
A10KJE-202506;MMW-1;KJPC2-07;:;:;:;:
A10KJE-202506;MMW-1;KJPC2-59;:;0,0;0,0;0,0
A10KJE-202506;MMW-1;KJPC2-64;:;0,0;0,0;0,0
A10KJE-202506;MMW-1;KJPC2-69;:;0,0;0,0;0,0
A10KJE-202506;MMW-1;KJPC2-75;:;0,0;0,0;0,0
A10KJE-202506;MMW-1;KJPC2-79;:;0,0;0,0;0,0
A10KJE-202506;MMW-1;KJPC2-86;:;0,0;0,0;0,0
A10KJE-202506;MMW-2;KJPC2-06;:;:;:;:
A10KJE-202506;MMW-2;KJPC2-07;:;:;:;:
A10KJE-202506;MMW-2;KJPC2-59;:;0,0;0,0;0,0
A10KJE-202506;MMW-2;KJPC2-64;:;0,0;0,0;0,0
A10KJE-202506;MMW-2;KJPC2-69;:;0,0;0,0;0,0
A10KJE-202506;MMW-2;KJPC2-75;:;0,0;0,0;0,0
A10KJE-202506;MMW-2;KJPC2-79;:;0,0;0,0;0,0
A10KJE-202506;MMW-2;KJPC2-86;:;0,0;0,0;0,0
A10KJE-202507;MMW-3;KJPC2-06;:;:;:;:
A10KJE-202507;MMW-3;KJPC2-07;:;:;:;:
A10KJE-202507;MMW-3;KJPC2-08;103031,7;104502,8;104502,8;104662,3
A10KJE-202507;MMW-3;KJPC2-09;10502,9;10502,9;10502,9;10502,9
A10KJE-202507;MMW-3;KJPC2-10;1787706,0;1781331,3;1781331,3;1787995,1
A10KJE-202507;MMW-3;KJPC2-11;952613,8;301265,2;301265,2;945524,3
A10KJE-202507;MMW-3;KJPC2-13;120744,9;98259,0;98373,3;106657,8
A10KJE-202507;MMW-3;KJPC2-14;35390,9;11979,7;11979,7;37048,9
A10KJE-202507;MMW-3;KJPC2-15;55637,2;20734,6;20734,6;52027,9
A10KJE-202507;MMW-3;KJPC2-16;878176,7;895566,7;895566,7;900316,4
A10KJE-202507;MMW-3;KJPC2-17;574780,1;596316,9;629722,3;595789,9
A10KJE-202507;MMW-3;KJPC2-18;122962,3;104091,7;104091,7;104207,5
A10KJE-202507;MMW-3;KJPC2-19;515698,3;619310,7;619310,7;619310,7
A10KJE-202507;MMW-3;KJPC2-20;719212,4;701053,7;733102,9;742739,1
A10KJE-202507;MMW-3;KJPC2-21;559137,1;612279,0;616147,2;555650,0
A10KJE-202507;MMW-3;KJPC2-22;623810,9;610161,0;610161,0;606971,1
A10KJE-202507;MMW-3;KJPC2-23;569277,8;582564,0;582564,0;582214,6
A10KJE-202507;MMW-3;KJPC2-24;1759800,0;1716812,7;2201107,9;1712080,8
A10KJE-202507;MMW-3;KJPC2-25;1364197,6;1312179,4;1312179,4;1278946,7
A10KJE-202507;MMW-3;KJPC2-26;858508,1;765234,5;765234,5;863569,3
A10KJE-202507;MMW-3;KJPC2-27;995139,5;973904,7;973904,7;994226,9
A10KJE-202507;MMW-3;KJPC2-28;2107341,3;2100764,5;2100764,5;2109712,0
A10KJE-202507;MMW-3;KJPC2-29;1234330,9;1281236,9;1281236,9;1274518,5
A10KJE-202507;MMW-3;KJPC2-30;405399,0;376854,8;376854,8;385981,6
A10KJE-202507;MMW-3;KJPC2-31;240454,0;239698,4;239698,4;240114,6
A10KJE-202507;MMW-3;KJPC2-32;245260,2;405798,7;405798,7;410507,7
A10KJE-202507;MMW-3;KJPC2-33;728474,4;0,0;0,0;0,0
A10KJE-202507;MMW-3;KJPC2-35;4474910,5;4489287,8;4489287,8;4489287,8
A10KJE-202507;MMW-3;KJPC2-36;58433,8;60910,1;60910,1;60910,1
A10KJE-202507;MMW-3;KJPC2-37;132009,7;132009,7;132009,7;132009,7
A10KJE-202507;MMW-3;KJPC2-38;461527,3;450833,4;450833,4;449828,5
A10KJE-202507;MMW-3;KJPC2-39;6284,7;6284,7;6284,7;6284,7
A10KJE-202507;MMW-3;KJPC2-41;1298980,8;1203646,6;1203646,6;1298822,6
A10KJE-202507;MMW-3;KJPC2-42;1014053,2;1000545,4;1000545,4;1014078,4
A10KJE-202507;MMW-3;KJPC2-43;2189279,1;372741,3;372741,3;376161,2
A10KJE-202507;MMW-3;KJPC2-44;460669,3;314559,4;314559,4;312808,3
A10KJE-202507;MMW-3;KJPC2-46;1618141,1;0,0;0,0;0,0
A10KJE-202507;MMW-3;KJPC2-47;247944,0;0,0;0,0;0,0
A10KJE-202507;MMW-3;KJPC2-49;37179,4;0,0;0,0;0,0
A10KJE-202507;MMW-3;KJPC2-52;19582,4;0,0;0,0;0,0
A10KJE-202507;MMW-3;KJPC2-53;18,0;0,0;0,0;0,0
A10KJE-202507;MMW-3;KJPC2-55;430,8;0,0;0,0;0,0
A10KJE-202507;MMW-3;KJPC2-56;17575,7;0,0;0,0;0,0
A10KJE-202507;MMW-3;KJPC2-58;2310,3;0,0;0,0;0,0
A10KJE-202507;MMW-3;KJPC2-59;:;0,0;0,0;0,0
A10KJE-202507;MMW-3;KJPC2-61;10381,7;0,0;0,0;0,0
A10KJE-202507;MMW-3;KJPC2-62;14130,4;0,0;0,0;0,0
A10KJE-202507;MMW-3;KJPC2-63;8435,5;0,0;0,0;0,0
A10KJE-202507;MMW-3;KJPC2-64;:;0,0;0,0;0,0
A10KJE-202507;MMW-3;KJPC2-68;25551,2;0,0;0,0;0,0
A10KJE-202507;MMW-3;KJPC2-69;:;0,0;0,0;0,0
A10KJE-202507;MMW-3;KJPC2-70;64059,5;0,0;0,0;0,0
A10KJE-202507;MMW-3;KJPC2-71;18112,4;0,0;0,0;0,0
A10KJE-202507;MMW-3;KJPC2-72;60188,8;0,0;0,0;0,0
A10KJE-202507;MMW-3;KJPC2-73;463,9;0,0;0,0;0,0
A10KJE-202507;MMW-3;KJPC2-74;15688,2;0,0;0,0;0,0
A10KJE-202507;MMW-3;KJPC2-75;:;0,0;0,0;0,0
A10KJE-202507;MMW-3;KJPC2-77;60372,0;0,0;0,0;0,0
A10KJE-202507;MMW-3;KJPC2-78;21597,4;0,0;0,0;0,0
A10KJE-202507;MMW-3;KJPC2-79;:;0,0;0,0;0,0
A10KJE-202507;MMW-3;KJPC2-81;10103,8;0,0;0,0;0,0
A10KJE-202507;MMW-3;KJPC2-82;33925,1;0,0;0,0;0,0
A10KJE-202507;MMW-3;KJPC2-85;126,8;0,0;0,0;0,0
A10KJE-202507;MMW-3;KJPC2-86;:;0,0;0,0;0,0
A10KJE-202507;MMW-3;KJPC2-93;1415,6;0,0;0,0;0,0
A10KJE-202507;MMW-3;KJPC2-95;14521,6;0,0;0,0;0,0
A10KJE-202507;MMW-3;KJPC2-96;1996,2;0,0;0,0;0,0
A10KJE-202507;MMW-1;KJPC2-06;:;:;:;:
A10KJE-202507;MMW-1;KJPC2-07;:;:;:;:
A10KJE-202507;MMW-1;KJPC2-59;:;0,0;0,0;0,0
A10KJE-202507;MMW-1;KJPC2-64;:;0,0;0,0;0,0
A10KJE-202507;MMW-1;KJPC2-69;:;0,0;0,0;0,0
A10KJE-202507;MMW-1;KJPC2-75;:;0,0;0,0;0,0
A10KJE-202507;MMW-1;KJPC2-79;:;0,0;0,0;0,0
A10KJE-202507;MMW-1;KJPC2-86;:;0,0;0,0;0,0
A10KJE-202507;MMW-2;KJPC2-06;:;:;:;:
A10KJE-202507;MMW-2;KJPC2-07;:;:;:;:
A10KJE-202507;MMW-2;KJPC2-59;:;0,0;0,0;0,0
A10KJE-202507;MMW-2;KJPC2-64;:;0,0;0,0;0,0
A10KJE-202507;MMW-2;KJPC2-69;:;0,0;0,0;0,0
A10KJE-202507;MMW-2;KJPC2-75;:;0,0;0,0;0,0
A10KJE-202507;MMW-2;KJPC2-79;:;0,0;0,0;0,0
A10KJE-202507;MMW-2;KJPC2-86;:;0,0;0,0;0,0
A10KJE-202508;MMW-3;KJPC2-06;:;:;:;:
A10KJE-202508;MMW-3;KJPC2-07;:;:;:;:
A10KJE-202508;MMW-3;KJPC2-08;76729,5;82738,5;82738,5;82920,2
A10KJE-202508;MMW-3;KJPC2-09;10582,7;10582,7;10582,7;10582,7
A10KJE-202508;MMW-3;KJPC2-10;1658056,1;1644277,1;1644277,1;1639640,4
A10KJE-202508;MMW-3;KJPC2-11;923111,6;268312,7;268312,7;919228,5
A10KJE-202508;MMW-3;KJPC2-13;67265,3;60544,2;60621,9;65571,7
A10KJE-202508;MMW-3;KJPC2-14;32259,9;6905,1;6905,1;32139,9
A10KJE-202508;MMW-3;KJPC2-15;38615,3;12555,1;12555,1;32050,1
A10KJE-202508;MMW-3;KJPC2-16;611389,1;662254,7;662254,7;665530,4
A10KJE-202508;MMW-3;KJPC2-17;483154,2;527807,0;560874,9;527491,3
A10KJE-202508;MMW-3;KJPC2-18;102190,5;90135,1;90135,1;89917,6
A10KJE-202508;MMW-3;KJPC2-19;456257,1;639500,3;639500,3;639500,3
A10KJE-202508;MMW-3;KJPC2-20;659564,6;636813,9;672932,1;705093,7
A10KJE-202508;MMW-3;KJPC2-21;376160,0;426468,8;428722,6;374245,8
A10KJE-202508;MMW-3;KJPC2-22;481818,8;476268,1;476268,1;474909,7
A10KJE-202508;MMW-3;KJPC2-23;462466,5;477589,3;477589,3;477291,6
A10KJE-202508;MMW-3;KJPC2-24;1389017,9;1348670,6;1812679,1;1344749,2
A10KJE-202508;MMW-3;KJPC2-25;1088797,4;1022750,1;1022750,1;997385,2
A10KJE-202508;MMW-3;KJPC2-26;794658,1;708538,0;708538,0;792933,5
A10KJE-202508;MMW-3;KJPC2-27;816776,5;801448,0;801448,0;817933,0
A10KJE-202508;MMW-3;KJPC2-28;1383809,8;1350892,7;1350892,7;1357166,7
A10KJE-202508;MMW-3;KJPC2-29;1021152,2;972673,7;972673,7;974997,4
A10KJE-202508;MMW-3;KJPC2-30;394656,7;378068,1;378068,1;385008,7
A10KJE-202508;MMW-3;KJPC2-31;186524,2;185947,9;185947,9;186346,1
A10KJE-202508;MMW-3;KJPC2-32;189831,3;203790,2;203790,2;209816,3
A10KJE-202508;MMW-3;KJPC2-33;631291,9;0,0;0,0;0,0
A10KJE-202508;MMW-3;KJPC2-35;4389916,6;4402697,7;4402697,7;4402697,7
A10KJE-202508;MMW-3;KJPC2-36;59876,9;62222,1;62222,1;62222,1
A10KJE-202508;MMW-3;KJPC2-37;53951,3;54071,4;54071,4;54071,4
A10KJE-202508;MMW-3;KJPC2-38;505876,4;498251,3;498251,3;497740,1
A10KJE-202508;MMW-3;KJPC2-39;7618,8;7618,8;7618,8;7618,8
A10KJE-202508;MMW-3;KJPC2-41;1107812,7;1034005,1;1034005,1;1107791,6
A10KJE-202508;MMW-3;KJPC2-42;919805,1;909156,4;909156,4;919804,8
A10KJE-202508;MMW-3;KJPC2-43;1800368,9;317767,5;317767,5;321194,8
A10KJE-202508;MMW-3;KJPC2-44;409210,9;242734,4;242734,4;241568,8
A10KJE-202508;MMW-3;KJPC2-46;1041810,6;0,0;0,0;0,0
A10KJE-202508;MMW-3;KJPC2-47;210066,6;0,0;0,0;0,0
A10KJE-202508;MMW-3;KJPC2-49;28927,6;0,0;0,0;0,0
A10KJE-202508;MMW-3;KJPC2-52;17505,1;0,0;0,0;0,0
A10KJE-202508;MMW-3;KJPC2-53;6,3;0,0;0,0;0,0
A10KJE-202508;MMW-3;KJPC2-55;494,5;0,0;0,0;0,0
A10KJE-202508;MMW-3;KJPC2-56;17998,8;0,0;0,0;0,0
A10KJE-202508;MMW-3;KJPC2-58;2670,5;0,0;0,0;0,0
A10KJE-202508;MMW-3;KJPC2-59;:;0,0;0,0;0,0
A10KJE-202508;MMW-3;KJPC2-61;10338,6;0,0;0,0;0,0
A10KJE-202508;MMW-3;KJPC2-62;12858,8;0,0;0,0;0,0
A10KJE-202508;MMW-3;KJPC2-63;5751,6;0,0;0,0;0,0
A10KJE-202508;MMW-3;KJPC2-64;:;0,0;0,0;0,0
A10KJE-202508;MMW-3;KJPC2-68;27623,8;0,0;0,0;0,0
A10KJE-202508;MMW-3;KJPC2-69;:;0,0;0,0;0,0
A10KJE-202508;MMW-3;KJPC2-70;36086,8;0,0;0,0;0,0
A10KJE-202508;MMW-3;KJPC2-71;9539,4;0,0;0,0;0,0
A10KJE-202508;MMW-3;KJPC2-72;49227,7;0,0;0,0;0,0
A10KJE-202508;MMW-3;KJPC2-73;496,8;0,0;0,0;0,0
A10KJE-202508;MMW-3;KJPC2-74;12876,0;0,0;0,0;0,0
A10KJE-202508;MMW-3;KJPC2-75;:;0,0;0,0;0,0
A10KJE-202508;MMW-3;KJPC2-77;42164,0;0,0;0,0;0,0
A10KJE-202508;MMW-3;KJPC2-78;24415,7;0,0;0,0;0,0
A10KJE-202508;MMW-3;KJPC2-79;:;0,0;0,0;0,0
A10KJE-202508;MMW-3;KJPC2-81;15537,5;0,0;0,0;0,0
A10KJE-202508;MMW-3;KJPC2-82;31627,8;0,0;0,0;0,0
A10KJE-202508;MMW-3;KJPC2-85;398,4;0,0;0,0;0,0
A10KJE-202508;MMW-3;KJPC2-86;:;0,0;0,0;0,0
A10KJE-202508;MMW-3;KJPC2-93;1721,1;0,0;0,0;0,0
A10KJE-202508;MMW-3;KJPC2-95;8222,3;0,0;0,0;0,0
A10KJE-202508;MMW-3;KJPC2-96;1562,5;0,0;0,0;0,0
A10KJE-202508;MMW-1;KJPC2-06;:;:;:;:
A10KJE-202508;MMW-1;KJPC2-07;:;:;:;:
A10KJE-202508;MMW-1;KJPC2-59;:;0,0;0,0;0,0
A10KJE-202508;MMW-1;KJPC2-64;:;0,0;0,0;0,0
A10KJE-202508;MMW-1;KJPC2-69;:;0,0;0,0;0,0
A10KJE-202508;MMW-1;KJPC2-75;:;0,0;0,0;0,0
A10KJE-202508;MMW-1;KJPC2-79;:;0,0;0,0;0,0
A10KJE-202508;MMW-1;KJPC2-86;:;0,0;0,0;0,0
A10KJE-202508;MMW-2;KJPC2-06;:;:;:;:
A10KJE-202508;MMW-2;KJPC2-07;:;:;:;:
A10KJE-202508;MMW-2;KJPC2-59;:;0,0;0,0;0,0
A10KJE-202508;MMW-2;KJPC2-64;:;0,0;0,0;0,0
A10KJE-202508;MMW-2;KJPC2-69;:;0,0;0,0;0,0
A10KJE-202508;MMW-2;KJPC2-75;:;0,0;0,0;0,0
A10KJE-202508;MMW-2;KJPC2-79;:;0,0;0,0;0,0
A10KJE-202508;MMW-2;KJPC2-86;:;0,0;0,0;0,0
A10KJE-202509;MMW-3;KJPC2-06;:;:;:;:
A10KJE-202509;MMW-3;KJPC2-07;:;:;:;:
A10KJE-202509;MMW-3;KJPC2-08;88236,3;90314,3;90314,3;90501,9
A10KJE-202509;MMW-3;KJPC2-09;10982,6;10982,6;10982,6;10982,6
A10KJE-202509;MMW-3;KJPC2-10;1791485,6;1825461,9;1825461,9;1825548,1
A10KJE-202509;MMW-3;KJPC2-11;934914,2;273087,9;273087,9;930458,4
A10KJE-202509;MMW-3;KJPC2-13;118464,5;105080,9;105222,2;113895,8
A10KJE-202509;MMW-3;KJPC2-14;46986,1;11966,5;11966,5;42701,2
A10KJE-202509;MMW-3;KJPC2-15;49751,5;18671,3;18671,3;44409,3
A10KJE-202509;MMW-3;KJPC2-16;882946,3;887019,3;887019,3;891496,7
A10KJE-202509;MMW-3;KJPC2-17;539447,3;534335,3;558138,9;533819,9
A10KJE-202509;MMW-3;KJPC2-18;149927,5;133039,4;133039,4;133513,2
A10KJE-202509;MMW-3;KJPC2-19;460853,4;496252,3;496252,3;496252,3
A10KJE-202509;MMW-3;KJPC2-20;718251,7;651611,8;680678,5;729189,2
A10KJE-202509;MMW-3;KJPC2-21;569044,6;621541,1;626710,1;565735,1
A10KJE-202509;MMW-3;KJPC2-22;650356,5;635671,4;635671,4;634220,8
A10KJE-202509;MMW-3;KJPC2-23;554019,6;549886,1;549886,1;549310,0
A10KJE-202509;MMW-3;KJPC2-24;1785063,7;1744183,4;2245040,7;1737836,8
A10KJE-202509;MMW-3;KJPC2-25;1390730,4;1317071,2;1317071,2;1281132,2
A10KJE-202509;MMW-3;KJPC2-26;987084,9;887577,7;887577,7;988799,8
A10KJE-202509;MMW-3;KJPC2-27;1110026,0;1079513,9;1079513,9;1102357,1
A10KJE-202509;MMW-3;KJPC2-28;1995495,0;2007702,3;2007702,3;1978667,0
A10KJE-202509;MMW-3;KJPC2-29;1457402,1;1477247,9;1477247,9;1468362,2
A10KJE-202509;MMW-3;KJPC2-30;464938,6;446117,7;446117,7;455557,9
A10KJE-202509;MMW-3;KJPC2-31;242307,4;241537,1;241537,1;242074,0
A10KJE-202509;MMW-3;KJPC2-32;311777,9;316882,2;316882,2;334292,7
A10KJE-202509;MMW-3;KJPC2-33;819687,1;0,0;0,0;0,0
A10KJE-202509;MMW-3;KJPC2-35;4317429,1;4330668,8;4330668,8;4330668,8
A10KJE-202509;MMW-3;KJPC2-36;56780,6;58342,1;58342,1;58342,1
A10KJE-202509;MMW-3;KJPC2-37;62061,4;62198,5;62198,5;62198,5
A10KJE-202509;MMW-3;KJPC2-38;429187,6;420182,8;420188,4;420184,8
A10KJE-202509;MMW-3;KJPC2-39;7092,7;7092,7;7092,7;7092,7
A10KJE-202509;MMW-3;KJPC2-41;1345234,2;1241387,3;1241387,3;1345396,3
A10KJE-202509;MMW-3;KJPC2-42;1032468,4;1019649,3;1019649,3;1032468,4
A10KJE-202509;MMW-3;KJPC2-43;2152433,5;355012,4;355012,4;358080,4
A10KJE-202509;MMW-3;KJPC2-44;658945,2;461388,2;461388,2;428070,4
A10KJE-202509;MMW-3;KJPC2-46;1354968,7;0,0;0,0;0,0
A10KJE-202509;MMW-3;KJPC2-47;281172,6;0,0;0,0;0,0
A10KJE-202509;MMW-3;KJPC2-49;34150,4;0,0;0,0;0,0
A10KJE-202509;MMW-3;KJPC2-52;19019,4;0,0;0,0;0,0
A10KJE-202509;MMW-3;KJPC2-53;23,4;0,0;0,0;0,0
A10KJE-202509;MMW-3;KJPC2-55;407,7;0,0;0,0;0,0
A10KJE-202509;MMW-3;KJPC2-56;17309,0;0,0;0,0;0,0
A10KJE-202509;MMW-3;KJPC2-58;2928,0;0,0;0,0;0,0
A10KJE-202509;MMW-3;KJPC2-59;:;0,0;0,0;0,0
A10KJE-202509;MMW-3;KJPC2-61;12283,2;0,0;0,0;0,0
A10KJE-202509;MMW-3;KJPC2-62;18802,7;0,0;0,0;0,0
A10KJE-202509;MMW-3;KJPC2-63;8536,1;0,0;0,0;0,0
A10KJE-202509;MMW-3;KJPC2-64;:;0,0;0,0;0,0
A10KJE-202509;MMW-3;KJPC2-68;21800,2;0,0;0,0;0,0
A10KJE-202509;MMW-3;KJPC2-69;:;0,0;0,0;0,0
A10KJE-202509;MMW-3;KJPC2-70;76105,5;0,0;0,0;0,0
A10KJE-202509;MMW-3;KJPC2-71;12223,2;0,0;0,0;0,0
A10KJE-202509;MMW-3;KJPC2-72;66379,7;0,0;0,0;0,0
A10KJE-202509;MMW-3;KJPC2-73;599,9;0,0;0,0;0,0
A10KJE-202509;MMW-3;KJPC2-74;16470,3;0,0;0,0;0,0
A10KJE-202509;MMW-3;KJPC2-75;:;0,0;0,0;0,0
A10KJE-202509;MMW-3;KJPC2-77;56397,6;0,0;0,0;0,0
A10KJE-202509;MMW-3;KJPC2-78;14025,1;0,0;0,0;0,0
A10KJE-202509;MMW-3;KJPC2-79;:;0,0;0,0;0,0
A10KJE-202509;MMW-3;KJPC2-81;15654,3;0,0;0,0;0,0
A10KJE-202509;MMW-3;KJPC2-82;31943,3;0,0;0,0;0,0
A10KJE-202509;MMW-3;KJPC2-85;427,2;0,0;0,0;0,0
A10KJE-202509;MMW-3;KJPC2-86;:;0,0;0,0;0,0
A10KJE-202509;MMW-3;KJPC2-93;1286,8;0,0;0,0;0,0
A10KJE-202509;MMW-3;KJPC2-95;13367,3;0,0;0,0;0,0
A10KJE-202509;MMW-3;KJPC2-96;2356,2;0,0;0,0;0,0
A10KJE-202509;MMW-1;KJPC2-06;:;:;:;:
A10KJE-202509;MMW-1;KJPC2-07;:;:;:;:
A10KJE-202509;MMW-1;KJPC2-59;:;0,0;0,0;0,0
A10KJE-202509;MMW-1;KJPC2-64;:;0,0;0,0;0,0
A10KJE-202509;MMW-1;KJPC2-69;:;0,0;0,0;0,0
A10KJE-202509;MMW-1;KJPC2-75;:;0,0;0,0;0,0
A10KJE-202509;MMW-1;KJPC2-79;:;0,0;0,0;0,0
A10KJE-202509;MMW-1;KJPC2-86;:;0,0;0,0;0,0
A10KJE-202509;MMW-2;KJPC2-06;:;:;:;:
A10KJE-202509;MMW-2;KJPC2-07;:;:;:;:
A10KJE-202509;MMW-2;KJPC2-59;:;0,0;0,0;0,0
A10KJE-202509;MMW-2;KJPC2-64;:;0,0;0,0;0,0
A10KJE-202509;MMW-2;KJPC2-69;:;0,0;0,0;0,0
A10KJE-202509;MMW-2;KJPC2-75;:;0,0;0,0;0,0
A10KJE-202509;MMW-2;KJPC2-79;:;0,0;0,0;0,0
A10KJE-202509;MMW-2;KJPC2-86;:;0,0;0,0;0,0
